4825695603672150016,1.281186,4286,55499,322,0.3996501,25.91849,20.98709,19.23725
430194949951088640,21.33862,382,51816,368,0.03212454,19.41061,18.23754,17.58132
754455784200366080,4.131238,670,52520,374,0.3120482,21.52152,19.68302,18.46475
754453860055017472,8.828453,670,52520,367,0.2004682,20.98014,20.28274,19.35493
4853831831466471424,0.4149082,4311,55506,281,0.7527065,25.26718,22.31524,21.31751
4797482960004247552,0.449409,4261,55503,85,0.5046716,22.66974,22.00222,20.39819
465100870804072448,13.99743,413,51821,379,0.1106111,21.43851,18.80143,17.6947
910974839957776384,2.433661,809,52647,443,0.2937785,23.00731,21.34087,19.74872
465154746873833472,10.20123,413,51821,575,0.07429758,19.80807,18.33917,17.63962
466235292731336704,12.73524,414,51869,410,0.1213151,19.54964,17.95799,17.02898
466232818830174208,58.85736,414,51869,401,0.04876465,18.74425,17.37778,16.80538
906466566382577664,2.867621,805,52586,426,0.0488077,21.17984,19.97005,19.44376
468489015717292032,13.35074,416,51811,417,0.1317873,20.77182,18.52682,17.39205
459394680333821952,78.90709,408,51821,100,0.04028672,17.55033,15.75007,15.02809
4773908605265702912,1.575537,4240,55455,338,0.3667026,22.34114,21.00483,19.83536
4110775821756198912,0.5071661,3651,55247,419,0.6265356,24.21379,23.15192,21.48281
4109768669054824448,0.6092281,3650,55244,851,0.5112057,22.70652,22.00184,20.28695
8259859113988255744,0,7336,56656,936,0,22.81865,23.30316,23.00127
907631224174962688,7.026772,806,52592,567,0.04265009,20.65894,19.76736,20.11246
468504134002173952,9.647632,416,51811,472,0.201277,21.3006,19.02486,17.60062
2971379390706903040,0.1566316,2639,54116,471,0.5083391,23.35131,22.5678,20.94729
1195821743483152384,11.2037,1062,52619,422,0.19464,20.49913,19.25486,18.47961
804041554237876224,3.374688,714,52201,542,0.2994811,22.28164,20.27043,18.58679
1837632250586359808,1.982635,1632,52996,595,0.3065799,22.04263,20.81222,19.75489
1837631151074732032,3.116644,1632,52996,591,0.3097279,22.95518,20.72871,19.22448
2970286750674479104,0.7480319,2638,54095,592,0.3311663,21.71248,20.94046,19.32797
1838704549334902784,1.93333,1633,52998,400,0.2950576,23.89316,20.90017,19.60821
2971423651905169408,0.01754166,2639,54465,632,0.5315121,23.34578,22.42213,20.86357
1398488404370417664,39.1789,1242,52901,439,0.0254747,17.60645,16.16628,15.51308
1721601612033583104,8.857382,1529,52930,366,0.03616738,19.46927,18.18101,17.59062
1398488129492510720,6.570318,1242,52901,438,0.0359273,24.36778,22.56863,22.73505
1399611555984730112,6.55058,1243,52930,429,0.1603132,22.38808,19.85645,18.49045
1398485655591348224,8.724438,1242,52901,429,0.1601027,21.95698,19.46059,18.15564
1721602986423117824,7.489468,1529,52930,371,0.16669,20.53708,19.27757,18.45522
1399612105740544000,3.433868,1243,52930,431,0.1643605,22.9843,20.25441,18.94593
1399614029885892608,1.528018,1243,52930,438,0.3491151,22.78355,21.08486,18.8928
1399612380618450944,1.625597,1243,52930,432,0.1647512,22.24579,20.43264,19.43369
1838725165177923584,3.587682,1633,52998,475,0.3121592,22.30253,20.78787,19.5867
1398497750219253760,7.408477,1242,52901,473,0.1598198,21.20322,19.39566,18.09899
1398499124608788480,5.678137,1242,52901,478,0.177241,20.94433,19.30377,18.3141
1721614531295209472,5.937966,1529,52930,413,0.1600642,21.13506,19.7655,18.94888
1398496375829719040,6.596177,1242,52901,468,0.1776698,20.19208,18.32003,17.07913
1838642152050026496,4.033897,1633,52998,173,0.2456205,22.54113,20.25566,18.67435
1721613981539395584,0.390821,1529,52930,411,0.499967,24.91152,22.35527,20.56103
1838727913956993024,1.277206,1633,52998,485,0.3364788,23.44197,21.64753,19.89922
1838731762247690240,2.451877,1633,52998,499,0.2452311,21.95178,21.03801,20.00167
1721615630806837248,0.8390797,1529,52930,417,0.3169449,24.59088,22.52164,20.49734
1398494451684370432,17.13322,1242,52901,461,0.1593094,20.19501,18.12169,16.77956
1398499399486695424,13.23004,1242,52901,479,0.135144,21.0593,18.9482,17.85539
1721625251533580288,13.18806,1529,52930,452,0.1297809,20.72014,18.83234,17.65957
1398501598509950976,20.95267,1242,52901,487,0.1315637,20.41163,18.10684,16.81516
1399624200368449536,3.983909,1243,52930,475,0.1333835,22.94236,20.5658,19.33467
1399623375734728704,0.6300051,1243,52930,472,0.2465844,22.40488,21.6354,20.07636
1721626625923115008,6.301966,1529,52930,457,0.1355777,22.38909,19.82986,18.46959
1721622777632417792,6.384626,1529,52930,443,0.1320954,20.80519,18.99903,17.94911
1399624750124263424,1.159346,1243,52930,477,0.3272851,24.10917,21.27446,19.37031
1398497200463439872,4.507766,1242,52901,471,0.1299547,23.35757,24.19018,22.57512
1838643251561654272,2.991255,1633,52998,177,0.3261498,21.94558,20.98826,19.9883
1721614256417302528,2.274372,1529,52930,412,0.1732017,21.23031,20.34258,19.6665
1838730937613969408,1.031204,1633,52998,496,0.3937556,24.735,22.26201,20.3469
1398498849730881536,5.393507,1242,52901,477,0.1598828,20.34847,18.90537,18.09371
1838730112980248576,3.040291,1633,52998,493,0.3616371,22.02467,20.92335,19.73989
1838730387858155520,3.015338,1633,52998,494,0.2699885,22.1927,21.11591,20.07925
1838732037125597184,2.853388,1633,52998,500,0.2330052,21.1795,20.00233,18.98256
1721627175678928896,0.4928675,1529,52930,459,0.5074175,23.7508,22.49248,20.5466
1838731487369783296,2.159887,1633,52998,498,0.3083879,22.5651,20.96398,19.7707
1838635280102352896,3.691481,1633,52998,148,0.2457161,21.72595,20.87537,19.47136
1398502698021578752,14.02067,1242,52901,491,0.1314003,20.84421,18.73346,17.443
1721625526411487232,8.502316,1529,52930,453,0.1306191,21.90273,19.43484,18.09184
1398503247777392640,8.863037,1242,52901,493,0.1318834,20.25074,18.69363,17.8885
1399623925490542592,5.660833,1243,52930,474,0.1353511,21.47197,19.82245,18.68177
1838732586881411072,1.646522,1633,52998,502,0.2418127,22.81213,21.48731,20.0467
1399629697926588416,7.153805,1243,52930,495,0.1318457,21.36785,19.82381,18.92611
1399629423048681472,7.105889,1243,52930,494,0.132174,21.13954,19.83031,19.14845
1721624976655673344,5.114257,1529,52930,451,0.1351828,21.24356,20.18555,19.36647
1721623602266138624,0.3153104,1529,52930,446,0.5009795,24.02534,21.91336,20.27947
1721626076167301120,0.5564327,1529,52930,455,0.5054128,22.52494,22.22747,20.09813
1721627450556835840,0.452541,1529,52930,460,0.4737468,24.358,22.49404,20.32917
1399631072316123136,6.828712,1243,52930,500,0.1588084,21.52197,20.25613,19.54857
1398505721678555136,8.822627,1242,52901,502,0.1249654,20.0937,18.59501,17.83678
1398507370945996800,7.168009,1242,52901,508,0.1725226,21.19692,19.28338,18.20051
1838627583520958464,4.712894,1633,52998,120,0.2349057,21.08228,19.64507,18.60361
1399627498903332864,2.038962,1243,52930,487,0.1252175,21.66864,20.27324,19.44804
1399629148170774528,2.887329,1243,52930,493,0.132197,23.42121,20.59446,19.75013
1838734511026759680,2.531035,1633,52998,509,0.2337731,21.4119,20.39189,19.32595
1838625384497702912,4.485367,1633,52998,112,0.2464816,22.27946,19.87845,18.45094
1398517816306460672,16.60145,1242,52901,546,0.1671959,21.10655,18.82366,17.48117
1398507096068089856,7.164843,1242,52901,507,0.1345017,20.57344,18.70496,17.68276
1399636569874262016,5.751992,1243,52930,520,0.1723519,20.92365,19.75232,19.0104
1721638170795206656,7.12102,1529,52930,499,0.08220381,20.38909,18.90491,18.29186
1838745231265130496,2.238555,1633,52998,548,0.1671552,22.55096,21.33116,20.05147
1398521664597157888,6.410371,1242,52901,560,0.1653405,21.19787,19.65433,18.33727
1398516441916925952,15.4298,1242,52901,541,0.08295874,21.01336,18.84691,17.70827
1398516716794832896,25.06974,1242,52901,542,0.08232159,20.37531,18.36032,17.27254
1398520290207623168,11.43307,1242,52901,555,0.1654301,21.59556,19.01131,17.69935
1721637895917299712,8.400916,1529,52930,498,0.08173548,20.39358,18.4989,17.33283
1399632446705657856,3.716054,1243,52930,505,0.0819518,21.28333,19.46705,18.742
1838758975160477696,3.124884,1633,52998,598,0.2358172,22.446,20.96178,20.00115
1838759524916291584,2.824237,1633,52998,600,0.240065,22.3126,20.44341,19.13482
1398532384835528704,11.20954,1242,52901,599,0.1506906,19.92838,18.52306,17.71145
1838757875648849920,3.261215,1633,52998,594,0.2485852,22.53897,20.58023,18.99318
1398531010445993984,8.976924,1242,52901,594,0.1692383,20.61064,18.94785,18.0515
1838757051015129088,4.132631,1633,52998,591,0.2234489,21.34065,20.14778,19.08359
1399642342310307840,1.57312,1243,52930,541,0.2402734,23.31311,20.93851,19.71615
1838758700282570752,1.146875,1633,52998,597,0.3810692,22.8601,21.37977,20.1591
1399644816211470336,0.7640873,1243,52930,550,0.3671646,26.32752,21.1407,19.26928
1398543105073899520,7.450287,1242,52901,638,0.1706498,21.22717,19.28548,17.83443
1721659336394041344,7.269428,1529,52930,576,0.1985118,21.53137,20.26841,19.21875
1399642617188214784,3.577648,1243,52930,542,0.3231319,22.33627,20.68802,19.14001
1398542555318085632,5.071418,1242,52901,636,0.1698315,21.90056,19.58809,18.29087
1399655261571934208,1.234678,1243,52930,588,0.2473035,23.21348,21.31291,19.60476
1838754851991873536,3.166594,1633,52998,583,0.1706802,22.44078,20.51959,19.14742
1838616313526773760,1.271876,1633,52998,79,0.3258542,23.64124,21.39706,19.97923
1399647564990539776,1.006192,1243,52930,560,0.3684698,22.75069,21.4505,19.34064
1721656037859158016,1.029349,1529,52930,564,0.3686946,23.16241,21.59501,19.54053
1838757325893036032,1.766298,1633,52998,592,0.2162786,23.52543,21.41733,19.85973
1838759250038384640,1.655639,1633,52998,599,0.2698921,26.38559,20.94545,19.10754
1721660435905669120,1.761926,1529,52930,580,0.05351376,23.72129,20.8717,20.16824
1721659611271948288,2.887598,1529,52930,577,0.246883,22.41963,20.26942,18.48627
1399655811327748096,1.402713,1243,52930,590,0.1981291,22.15167,20.72662,19.45026
1838767496375592960,2.370691,1633,52998,629,0.1498954,23.18106,20.77083,19.4348
1838765572230244352,2.84714,1633,52998,622,0.1835155,22.99826,20.74217,19.19371
1838769970276755456,3.123341,1633,52998,638,0.2121624,21.63304,20.20877,18.80713
1399656635961468928,1.02592,1243,52930,593,0.1829526,22.26515,20.85289,19.92862
1838766121986058240,2.152771,1633,52998,624,0.2097104,21.46217,20.18703,19.17879
1399668180833560576,1.380543,1243,52930,635,0.1688475,24.0071,20.54004,19.36358
1399664607420770304,1.662388,1243,52930,622,0.06234159,22.2394,19.18461,18.43596
1838766671741872128,2.46254,1633,52998,626,0.2749264,22.27612,20.70144,18.89816
1838766396863965184,3.468419,1633,52998,625,0.2688016,22.18467,20.82105,19.64451
1399665157176584192,1.483548,1243,52930,624,0.140396,22.32282,19.96876,19.06945
1721670331510319104,0.2559399,1529,52930,616,0.4112562,24.13039,22.0155,20.10798
1838766946619779072,1.819231,1633,52998,627,0.2154126,23.66205,21.41576,20.20148
1399665432054491136,0.3907508,1243,52930,625,0.317386,23.43539,22.5055,20.8497
1755384112518031360,10.34583,1559,53271,386,0.1323461,21.15043,19.37714,18.3316
4070347327817838592,0.3909102,3615,55179,797,0.4615782,24.5879,22.48066,20.72602
7633839523474632704,2.578435,6780,56605,866,0.5832019,21.34952,20.99854,20.57884
1204828667390224384,2.340902,1070,52591,421,0.5916583,23.02808,21.46468,20.00626
4109744754676920320,7.339211,3650,55244,764,0.2178527,21.52431,19.13158,17.77337
3519653624219279360,0,3126,54804,329,0,21.52479,18.60843,17.44914
1756552619272202240,4.153938,1560,53317,541,0.2023623,21.031,19.96044,19.32096
7634999227810770944,3.448471,6781,56274,989,0.3993159,21.19677,21.11889,20.98335
8259838223267328000,0,7336,56656,860,0,23.89457,23.73649,22.80768
8259844270581280768,0,7336,56656,882,0,23.62189,23.03039,22.99993
7635000057494433792,2.041345,6781,56575,992,0.02840493,22.40193,21.5483,21.41545
8259845644970815488,0,7336,56656,887,0,22.16445,22.63713,22.0129
1202607104532178944,20.51422,1068,52614,531,0.1323255,19.77983,18.64054,17.92698
1758800291471321088,7.266404,1562,53052,526,0.06360599,21.14002,20.07957,19.71903
461777597848643584,17.44381,410,51877,577,0.1514933,19.6633,18.09655,17.09886
461776773214922752,10.88063,410,51877,574,0.07254888,19.58999,18.23981,17.54194
461778147604457472,28.70249,410,51877,579,0.07445111,20.23215,18.30692,17.3375
1758799466837600256,8.317692,1562,53052,523,0.1095859,20.66989,19.64798,19.16557
1758812935855040512,5.160341,1562,53052,572,0.223789,21.47507,20.45667,19.59517
1202616450381015040,4.990223,1068,52614,565,0.1882468,21.07317,20.21586,19.60975
4776295645361926144,0.4131379,4242,55476,830,0.5302144,25.27823,22.28963,20.91472
1758810461953878016,2.000347,1562,53052,563,0.1886894,21.80989,20.33398,19.19992
4776307190234017792,0.4904955,4242,55476,872,0.529574,22.32798,21.58328,19.95818
4776296469995646976,0.1391721,4242,55476,833,0.6563326,24.82877,23.52213,21.7419
4776295920239833088,0.1887043,4242,55476,831,0.6902451,24.94784,23.08544,21.00137
4776294270972391424,0.1388718,4242,55476,825,0.6348888,23.47366,23.63059,21.68502
1202620023793805312,15.0107,1068,52614,578,0.07472415,20.46638,18.81555,18.15217
1758810736831784960,5.173432,1562,53052,564,0.2978915,21.08233,20.09541,19.17114
1758814310244575232,3.188614,1562,53052,577,0.1985384,22.00285,20.45419,19.31802
4776307739989831680,1.021037,4242,55476,874,0.3234273,26.23351,20.9144,19.47547
1702516852577560576,1.014971,1512,53742,568,0.5308802,25.82374,21.75921,20.0034
1702514928432211968,4.574336,1512,53742,561,0.2220076,20.83682,19.8794,19.0417
798418651840538624,44.16283,709,52205,566,0.156453,19.11101,16.80968,15.6026
462903221870946304,20.0042,411,51817,576,0.1531706,20.36799,18.16448,16.99465
1762124389161134080,3.982624,1565,53002,331,0.2135938,23.58959,20.3717,19.10755
465099221536630784,21.40701,413,51821,373,0.06675781,18.52309,16.65203,15.9179
905326092913502208,13.83378,804,52286,373,0.06669576,20.33627,19.33312,18.78442
905345884122802176,14.95576,804,52286,445,0.02389494,20.27079,19.02012,18.55788
465165741990111232,33.24979,413,51821,615,0.03646222,18.7319,17.42271,16.80514
466211928109246464,11.3845,414,51869,325,0.1031313,20.66912,18.68784,17.55857
1198049078458476544,25.35384,1064,52577,333,0.0222007,19.40927,18.40509,18.16815
465166016868018176,6.012771,413,51821,616,0.2267069,21.34398,20.04157,19.17394
466212477865060352,9.850108,414,51869,327,0.1380212,19.51618,18.32554,17.63795
1762199980585543680,3.837369,1565,53002,606,0.3090246,22.94934,20.17392,18.40122
801754844896454656,9.836298,712,52199,415,0.1487097,20.05932,18.71213,17.88338
911023493347305472,4.146116,809,52647,620,0.2495529,22.78083,20.0868,18.60169
1198046879435220992,7.838845,1064,52577,325,0.1628011,20.24209,18.96278,17.91766
1763249464451033088,5.178449,1566,53003,328,0.1952272,21.88847,19.91398,18.63549
911021844079863808,3.038288,809,52647,614,0.3182826,22.35923,20.09176,18.55138
801755119774361600,3.674146,712,52199,416,0.3104864,21.68117,20.72633,20.03636
1763250014206846976,0.3686553,1566,53003,330,0.5887405,23.94732,22.58105,20.47318
801751546361571328,5.35283,712,52199,403,0.3177549,21.25372,20.18062,19.33305
911022393835677696,2.49567,809,52647,616,0.1950213,22.12639,20.21799,19.40246
467351570921580544,8.209435,415,51810,375,0.03101574,18.82419,17.60955,17.07287
802878545427720192,2.19477,713,52178,407,0.4230697,22.21236,20.63391,18.90187
467358717747161088,25.51976,415,51810,401,0.08767021,19.98535,17.81936,16.77197
907594665413339136,0.3328222,806,52592,434,0.4005225,24.37969,22.01249,21.19389
803993175726254080,5.132148,714,52201,366,0.2643013,20.92768,20.84417,20.29623
2970227651924486144,0.8492518,2638,54095,377,0.4045933,25.64326,21.5465,19.78559
468489290595198976,25.90486,416,51811,418,0.09765125,19.64622,18.45172,18.02615
1302767666506786816,12.84612,1157,52643,369,0.09756941,20.29129,18.78448,18.27358
1302770415285856256,5.825621,1157,52643,379,0.2711187,21.29953,20.13492,19.48414
468485167426594816,10.14944,416,51811,403,0.03877712,18.97668,17.5344,17.04177
468487641327757312,8.34261,416,51811,412,0.2532044,20.01771,19.23896,18.52352
2970227102168672256,1.731049,2638,54095,375,0.4934316,21.95771,21.70605,21.38698
1709219187076917248,4.837677,1518,52937,375,0.2672658,20.93877,19.78052,18.90818
1837580573539854336,3.002114,1632,52996,407,0.3216834,21.82651,20.77056,19.72263
1195808549343619072,4.744631,1062,52619,374,0.2508917,21.3479,20.45052,19.5694
2972476440009875456,0.4125963,2640,54806,366,0.4064997,23.13834,21.98857,20.13139
1837569578423576576,2.371637,1632,52996,367,0.3601471,21.31378,20.30463,19.2371
2970225727779137536,0.3703566,2638,54095,370,0.5350522,22.41479,22.22021,20.72034
2970226277534951424,0.4489678,2638,54095,372,0.4075169,26.32956,21.72884,20.01332
2971363997544114176,0.2244332,2639,54116,415,0.6133803,24.19428,22.20602,21.07645
1302768216262600704,11.90006,1157,52643,371,0.04054674,20.61008,19.46817,18.96336
468488465961478144,21.3841,416,51811,415,0.0406868,18.28252,16.52093,15.60923
1837583597196830720,3.918408,1632,52996,418,0.2680311,22.93146,20.11888,18.53983
1837584146952644608,4.167344,1632,52996,420,0.2683336,23.02984,20.29937,18.79493
2971361248765044736,0.2319854,2639,54116,405,0.5733841,26.05878,22.53795,20.84771
1302781135524227072,7.17272,1157,52643,418,0.1386051,20.48881,19.39225,18.90423
1837582222807296000,1.757308,1632,52996,413,0.2671446,21.9875,20.89897,19.74156
2972480013422665728,0.4297465,2640,54806,379,0.5010045,25.33735,22.39656,20.46079
804007469377415168,0.8790366,714,52201,418,0.4168315,22.1744,21.18563,19.40412
2972488529067665408,0.2796273,2640,54474,410,0.8280878,23.42785,22.50233,22.22616
2970237822407043072,0.6471726,2638,54095,414,0.4187244,24.77451,21.94025,20.16835
1302778386745157632,3.42706,1157,52643,408,0.1388552,21.62465,19.84845,19.40167
1709231006826915840,1.560903,1518,52937,418,0.4165141,24.29556,21.0558,19.12189
1302780860646320128,1.823153,1157,52643,417,0.362537,23.20642,20.95747,19.0171
1302778661623064576,5.440228,1157,52643,409,0.1929544,21.46487,20.31612,19.29427
804014066447181824,1.257761,714,52201,442,0.386914,24.45465,21.40886,19.61306
2970238372162856960,0.6345368,2638,54095,416,0.3628692,25.32245,22.02816,20.1142
1837583872074737664,3.174877,1632,52996,419,0.2049673,22.22916,20.40145,19.37029
2970235623383787520,0.4049895,2638,54095,406,0.4823599,23.68411,22.11842,20.06659
1302776737477715968,3.607413,1157,52643,402,0.1679326,21.76317,20.1255,19.45772
2970234798750066688,0.2813138,2638,54095,403,0.5567059,24.1038,22.49487,20.46422
2970239196796577792,0.492988,2638,54095,419,0.4849513,23.14812,22.53498,20.76881
2971360149253416960,0.1613888,2639,54116,401,0.5709642,25.40602,23.70324,21.41938
2970235898261694464,0.3303338,2638,54095,407,0.5591791,25.67965,22.57598,20.60238
1195806900076177408,6.496793,1062,52619,368,0.09752747,20.64713,19.31414,18.73994
468498911321942016,11.73496,416,51811,453,0.1937556,21.49994,18.97122,17.62676
468499461077755904,10.97033,416,51811,455,0.1924854,21.63579,19.30996,17.88387
804016540348344320,2.391442,714,52201,451,0.3199043,22.23832,20.70394,18.84913
1709238428530403328,0.4346603,1518,52937,445,0.4894813,24.71998,21.72881,20.06791
1709241177309472768,1.994895,1518,52937,455,0.1918235,22.18677,20.57496,19.7951
2971371694125508608,0.4419792,2639,54116,443,0.4874431,23.76186,22.28472,20.67882
2972490728090920960,0.8806738,2640,54474,418,0.8851474,22.72411,22.19273,21.82913
2970238647040763904,0.2609425,2638,54095,417,0.5204872,23.3377,22.51726,20.93115
1195805525686642688,3.873205,1062,52619,363,0.194757,21.6095,20.32064,19.44458
1709238703408310272,0.4684804,1518,52937,446,0.4889229,24.20951,21.86681,20.08316
2971364828033083392,0.1784987,2639,54465,418,0.7008268,22.86452,22.14484,20.9518
2970234248994252800,0.153503,2638,54095,401,0.6529384,23.59973,23.90571,21.9139
2971375817294112768,0.3582515,2639,54116,458,0.4953057,25.41081,23.23915,21.00887
468496712298686464,14.85295,416,51811,445,0.03758542,18.79809,17.15676,16.46291
468497811810314240,12.32223,416,51811,449,0.07229859,19.20826,18.0934,17.64492
2970248542645413888,0.3146611,2638,54095,453,0.56362,25.04893,22.38991,20.54007
2971371969003415552,0.3164493,2639,54116,444,0.557198,25.69704,22.24613,20.41165
1302787732593993728,9.695533,1157,52643,442,0.04028767,20.88457,19.81256,19.29942
1837589919388690432,1.530901,1632,52996,441,0.2354207,24.27452,21.35842,19.87763
1302790756250970112,9.238938,1157,52643,453,0.06966651,20.69829,19.54618,19.12394
804013791569274880,3.428382,714,52201,441,0.31939,22.76642,20.27842,18.6336
804014616202995712,5.220385,714,52201,444,0.2340064,21.83541,19.62331,18.02593
1195816245925013504,6.256193,1062,52619,402,0.1565527,20.44598,18.96419,17.9629
1837590469144504320,1.956952,1632,52996,443,0.2467968,23.48104,21.07404,19.58242
1195817345436641280,3.468794,1062,52619,406,0.2062213,21.96612,20.89388,20.16432
1709242001943193600,4.484025,1518,52937,458,0.2571105,20.82666,19.8937,19.05717
1837616857423570944,2.444173,1632,52996,539,0.3184125,21.67052,20.71871,19.40006
2971372793637136384,0.4700764,2639,54116,447,0.5197084,23.24031,22.49967,20.55986
2970236722895415296,0.2407307,2638,54095,410,0.632341,26.09306,22.99001,21.66947
1195817070558734336,5.009097,1062,52619,405,0.1247911,21.47863,19.45353,18.6825
1837594867191015424,2.077564,1632,52996,459,0.2346988,23.06439,20.7459,19.34015
2972498979998244864,0.2693919,2640,54806,448,0.5172601,24.49128,22.75472,20.8645
2972497055852896256,0.3296812,2640,54806,441,0.5529073,25.81919,22.36915,20.76604
2972500079509872640,0.6213375,2640,54806,452,0.5151852,24.45831,22.23202,20.4641
1302791855762597888,3.832813,1157,52643,457,0.07245063,20.81985,19.79965,19.30911
2970249092401227776,0.1949929,2638,54095,455,0.5342913,26.9979,22.57675,20.57175
2972501723207198720,0.2143705,2640,54474,458,-0.01019341,26.49544,22.98911,21.02729
1709263717297842176,0.538334,1518,52937,537,0.5104712,24.2292,22.15339,20.73318
2972500904143593472,0.3321818,2640,54806,455,0.5120919,23.79961,24.31892,20.8678
1302792405518411776,10.48413,1157,52643,459,0.1000678,20.49337,19.25717,18.76149
468518702531241984,17.64484,416,51811,525,0.1001597,19.80696,18.21718,17.36351
468520901554497536,34.70491,416,51811,533,0.1004212,19.44436,17.63904,16.6559
1837613009132873728,2.809877,1632,52996,525,0.2212657,22.58279,20.94407,19.65783
1837612734254966784,4.595757,1632,52996,524,0.2322204,21.76385,19.75441,18.64418
2971398357282482176,2.470253,2639,54116,540,0.2960689,22.78554,20.82626,19.16641
1837615483034036224,2.08094,1632,52996,534,0.4989644,22.87884,21.10459,19.37864
1837613284010780672,2.408081,1632,52996,526,0.2365655,23.99905,20.91939,19.59647
2971375267538298880,0.2199327,2639,54116,456,0.5648084,24.63685,24.57525,23.492
1837615208156129280,2.921012,1632,52996,533,0.220584,21.97203,20.87672,19.63373
1302789931617249280,3.13558,1157,52643,450,0.2344383,22.07939,20.5093,19.49681
1195816795680827392,3.282219,1062,52619,404,0.3496149,22.79731,21.04831,20.14316
2970246068744251392,0.3965455,2638,54095,444,0.4977724,25.8681,21.91779,20.26091
804038255702992896,9.817904,714,52201,530,0.1799769,21.02462,19.35582,18.24951
468518152775428096,9.668299,416,51811,523,0.1808734,21.38279,19.37939,18.0134
468519252287055872,7.639667,416,51811,527,0.2340349,21.97449,19.25514,17.66512
1302811097216083968,8.341475,1157,52643,527,0.1430185,21.07687,19.39594,18.30322
1837614383522408448,2.650214,1632,52996,530,0.2367941,22.87914,20.97368,19.45024
2970272182145411072,0.2499705,2638,54095,539,0.5929832,24.68868,24.02371,20.67358
1837613558888687616,2.224078,1632,52996,527,0.232616,22.25703,20.88773,19.39834
2972523993887776768,0.2649882,2640,54806,539,0.2757035,22.43383,21.5937,21.48545
1195831913965709312,5.447759,1062,52619,459,0.1432213,21.01406,19.93646,19.32415
1195827790797105152,3.733838,1062,52619,444,0.4671482,21.98983,21.13011,20.17443
804036331557644288,5.873839,714,52201,523,0.1671343,21.06388,19.83216,19.27159
804036881313458176,1.033663,714,52201,525,0.4030039,23.01674,20.81104,19.0425
1302810822338177024,3.934075,1157,52643,526,0.2103093,22.34169,20.51651,19.69856
1302811372093990912,0.3424917,1157,52643,528,0.1391798,21.44764,20.06296,19.5774
2970245518988437504,0.2164211,2638,54095,442,0.7205955,24.03553,23.08186,21.75687
1302812196727711744,3.708514,1157,52643,531,0.1874663,23.03699,20.17135,18.73514
2972534989004054528,0.117857,2640,54806,579,0.7056421,25.51477,24.54004,22.37366
2971406878497597440,0.1234102,2639,54116,571,0.6982764,24.28846,24.729,22.5842
1302813296239339520,10.13031,1157,52643,535,0.1337825,20.49975,19.34124,18.79513
468530247403333632,14.92767,416,51811,567,0.1031233,21.29127,19.03678,17.9439
1302812746483525632,7.724263,1157,52643,533,0.105235,21.75814,19.49973,18.36315
2971397257770854400,6.597406,2639,54116,536,0.229669,21.36442,19.61729,18.16324
1302811921849804800,7.347876,1157,52643,530,0.1391082,21.38893,19.93239,19.30325
2970269433366341632,6.718592,2638,54095,529,0.1876121,22.14147,19.69946,18.24187
468533545938216960,8.545324,416,51811,579,0.1044729,19.71866,18.36717,17.70399
1837612184499152896,2.340005,1632,52996,522,0.3090486,22.42312,21.01293,19.22211
1709275537047840768,0.6120453,1518,52937,580,0.4529457,24.72318,21.96423,20.05085
804049800575084544,1.040762,714,52201,572,0.4511386,23.06265,21.46655,19.57846
1837627577661941760,3.550443,1632,52996,578,0.2927753,22.54491,20.57841,19.3378
1709270314367608832,5.654167,1518,52937,561,0.1840059,20.92357,19.41825,18.63425
2972520695352893440,0.3420425,2640,54806,527,0.5001237,23.7426,22.06968,20.54131
2972519040515336192,1.384954,2640,54474,521,0.1914249,22.98781,21.91665,21.50056
804050900086712320,1.78515,714,52201,576,0.2254989,21.96237,20.82155,20.05845
2972523444131962880,0.2074042,2640,54806,537,0.5027033,24.23417,22.7468,20.93088
1837627852539848704,1.58042,1632,52996,579,0.3508016,22.1037,20.86395,19.67599
2970270807755876352,0.2848624,2638,54095,534,0.5793622,24.01838,22.97401,21.18594
1837626753028220928,1.093451,1632,52996,575,0.3528302,22.45917,20.54398,19.12413
2971407159230752768,0.9353321,2639,54465,572,0.6898615,22.64298,21.71114,21.24621
2972519595841265664,0.3667231,2640,54806,523,0.4986499,22.21156,22.10423,20.47231
2971393415335405568,0.2659683,2639,54465,522,0.5578467,24.89159,22.72387,20.94674
2970271082633783296,0.1261561,2638,54095,535,0.6729151,24.8854,24.34974,21.37941
2972534158800218112,0.2605644,2640,54474,576,0.5277483,26.50829,22.76593,20.94855
2972533059288590336,0.3964796,2640,54474,572,0.4585773,25.13656,25.20288,22.04163
1302811646971897856,8.485569,1157,52643,529,0.1039954,22.04054,19.66904,18.6465
1195849506151753728,9.618508,1062,52619,523,0.2149057,20.77773,19.39011,18.34181
468532996182403072,10.57324,416,51811,577,0.2164954,20.8693,19.12248,17.88313
468531346914961408,9.572047,416,51811,571,0.1870287,21.48607,19.25419,17.86048
468532171548682240,10.30739,416,51811,574,0.1802894,21.24978,19.02674,17.69722
468533271060310016,21.60775,416,51811,578,0.1307254,20.76336,18.19167,17.01551
468543441542866944,12.76969,416,51811,615,0.126912,20.2396,18.89083,18.16918
804061070569269248,0.7568012,714,52201,613,0.3596345,24.36437,21.28683,19.3476
2972530035631613952,0.4128446,2640,54474,561,0.5810537,23.74946,24.78905,21.6483
1302822367210268672,7.746217,1157,52643,568,0.1848957,21.57756,19.676,18.33394
1195850605663381504,7.871847,1062,52619,527,0.243292,20.68819,19.61583,18.90611
468529972525426688,2.427867,416,51811,566,0.396473,22.78476,20.55037,18.6637
804059421301827584,5.571063,714,52201,607,0.1812312,21.36816,18.90523,17.63031
468542891787053056,7.676251,416,51811,613,0.1799934,20.54989,19.48684,18.79892
804060520813455360,2.444175,714,52201,611,0.2397029,23.52524,20.00845,18.40191
1837623454493337600,1.909475,1632,52996,563,0.215757,23.10757,21.29546,19.82226
1195852529808730112,4.859452,1062,52619,534,0.1037631,20.83144,19.12897,18.25566
1837622904737523712,2.330003,1632,52996,561,0.3927596,21.60613,20.82394,19.76732
2970280428482619392,0.4446582,2638,54095,569,0.4550069,25.50804,22.35632,20.53865
804047326673922048,0.8539239,714,52201,563,0.3977073,23.14327,21.39636,19.44982
2970270532877969408,0.1480107,2638,54095,533,0.5802187,23.50284,22.77778,20.89976
2970282902383781888,0.7566799,2638,54095,578,0.3970193,22.92824,21.88507,19.85254
1195853354442450944,3.191436,1062,52619,537,0.3169024,22.24505,20.81281,19.77468
804051449842526208,0.5132023,714,52201,578,0.398666,23.39175,21.37068,19.75616
804049250819270656,0.349178,714,52201,570,0.3921897,24.53776,21.51546,19.93292
1302820717942827008,3.096112,1157,52643,562,0.1811624,21.59285,20.20152,19.34012
2971405229230155776,0.4960701,2639,54116,565,0.3982463,24.02444,22.29669,20.5024
2970280978238433280,0.6100351,2638,54095,571,0.3977423,25.40899,22.0818,19.95152
2972530860265334784,0.7498533,2640,54474,564,0.5671579,24.59898,21.8145,20.30188
468529422769612800,1.836142,416,51811,564,0.3975553,27.24752,20.84689,18.94969
804049525697177600,0.6075289,714,52201,571,0.3953116,24.32468,21.96388,20.27097
1837624279127058432,2.483107,1632,52996,566,0.1864631,22.58667,20.98612,19.76149
2970278779215177728,0.8548673,2638,54095,563,0.4084021,23.5438,21.81323,20.04731
2972532515102892032,0.1682471,2640,54806,570,0.6659651,24.92782,23.29674,22.24127
2971417604591216640,0.2021419,2639,54465,610,0.5794256,24.73614,22.73958,21.34634
2972532784410683392,0.2577034,2640,54474,571,0.7042495,24.01203,22.14281,20.60434
2971408258742380544,0.347521,2639,54465,576,0.5795695,26.23791,22.58462,20.55027
2972530310509520896,0.482285,2640,54474,562,0.3846303,24.93587,22.4406,20.29665
2970293347744245760,0.1725196,2638,54095,616,0.5786268,23.79236,22.50545,21.00618
804062994714617856,7.685859,714,52201,620,0.1826177,23.77509,19.9427,19.19505
1837624828882872320,1.610835,1632,52996,568,0.1847329,23.9588,21.17268,19.88617
468543166664960000,11.266,416,51811,614,0.1844593,20.96339,18.57781,17.23545
468544815932401664,12.69466,416,51811,620,0.1844395,21.30103,19.14893,17.79081
468544541054494720,36.48304,416,51811,619,0.04000779,19.38053,17.54408,16.66972
1195863799802914816,11.40363,1062,52619,575,0.1832486,20.06977,17.9026,16.58508
468540417885890560,9.857135,416,51811,604,0.1829304,21.26915,19.12932,17.86173
468542342031239168,8.833757,416,51811,611,0.1853241,20.94633,19.81117,19.06085
1302825390867245056,6.008114,1157,52643,579,0.1860522,22.47932,19.98825,18.63686
1302825665745152000,7.624664,1157,52643,580,0.1834567,21.5507,19.41068,18.1131
1837625378638686208,1.921629,1632,52996,570,0.3102977,24.80347,20.77673,19.21913
1837636923510777856,3.447098,1632,52996,612,0.1857025,23.2346,20.27779,19.02678
1837634174731708416,4.027765,1632,52996,602,0.1838152,22.682,20.80977,19.54785
804059146423920640,1.2818,714,52201,606,0.5146312,21.2501,20.55132,19.6669
1709281584361793536,6.639057,1518,52937,602,0.1909035,20.59752,19.25934,18.27917
1837636098877057024,5.122142,1632,52996,609,0.1827142,22.21857,20.34629,19.02566
1399584617949849600,3.132279,1243,52930,331,0.2305482,22.32432,20.61127,19.1038
2971419522881316864,0.1223642,2639,54116,617,0.5045489,25.37653,22.25829,20.65022
1195865174192449536,2.960259,1062,52619,580,0.3796674,21.88839,21.27991,20.24446
1195861600779659264,3.490589,1062,52619,567,0.2169781,22.00054,20.66076,19.733
1195860501268031488,6.701829,1062,52619,563,0.1851616,21.07771,20.32393,19.83054
2970293897500059648,0.3071378,2638,54095,618,0.4562441,22.98961,22.33993,20.39395
2970289499453548544,0.2629663,2638,54095,602,0.5698407,22.64706,21.86457,20.13225
2971415399712712704,0.07014961,2639,54116,602,0.5685632,23.07455,22.33576,20.30666
2971416774102247424,0.2019784,2639,54116,607,0.6354463,23.68979,23.09151,21.20813
2970289774331455488,0.2740483,2638,54095,603,0.4953335,22.98098,22.17753,20.47672
2972541855381612544,0.3309112,2640,54474,604,0.4975446,24.97165,22.37893,20.70581
2971417054835402752,0.09778876,2639,54465,608,0.5691597,23.68325,23.22254,21.32765
2970291698476804096,0.3162085,2638,54095,610,0.4962566,23.12388,22.64859,20.51198
2971416230201681920,0.160214,2639,54465,605,0.5129635,25.41884,22.50825,20.5973
2970290049209362432,1.869298,2638,54095,604,0.3139554,23.24762,20.9911,19.19964
468541792275425280,11.17146,416,51811,609,0.1841175,21.15903,18.48175,17.08823
468541242519611392,11.57285,416,51811,607,0.1812266,20.83027,18.85596,17.4953
468542067153332224,15.92178,416,51811,610,0.1621967,20.49754,18.44211,17.18245
1195870946628495360,24.12569,1062,52619,601,0.04860179,19.04084,17.40382,16.69114
1302831987937011712,12.5317,1157,52643,603,0.1373549,20.4189,19.31615,18.67177
2972542685585448960,0.6592894,2640,54806,607,0.4025879,25.55563,21.22258,19.28459
1837636373754963968,2.726188,1632,52996,610,0.182191,23.00014,21.15307,19.84453
1302832537692825600,4.747797,1157,52643,605,0.1621539,22.75541,20.29464,19.02915
1302832262814918656,5.149069,1157,52643,604,0.2253959,22.08202,19.67073,18.34197
1195861325901752320,7.109128,1062,52619,566,0.1860474,19.3455,17.43334,16.25943
1399586816973105152,7.029494,1243,52930,339,0.09915269,20.68452,19.32885,18.53297
2972541586073821184,1.784528,2640,54806,603,0.3171095,26.26294,20.87036,19.15117
1837635274243336192,3.340812,1632,52996,606,0.3154797,21.69935,20.09882,18.53954
1837634724487522304,2.556071,1632,52996,604,0.3151493,22.5831,20.5372,18.68776
1302833087448639488,5.437159,1157,52643,607,0.1638217,21.72049,19.88125,18.92917
1837637198388684800,3.506108,1632,52996,613,0.2498002,21.52076,20.36249,19.33044
468540692763797504,1.573959,416,51811,605,0.4561903,23.88583,21.19196,19.38411
1195873145651750912,4.88075,1062,52619,609,0.3131043,20.73934,20.08391,19.44471
2970290873843083264,0.9636868,2638,54095,607,0.7440291,22.95021,21.94076,21.33801
1837635549121243136,2.488514,1632,52996,607,0.182869,22.69497,21.11242,19.86698
1837639122534033408,1.834272,1632,52996,620,0.1828169,24.08631,21.15078,19.8849
1838684758125602816,2.496794,1633,52998,328,0.2931361,21.69851,20.47688,19.65066
2970291148720990208,0.3206215,2638,54095,608,0.501227,23.91388,22.0675,20.47258
1838683383736068096,2.501756,1633,52998,323,0.3164749,22.35064,20.68146,19.66176
2970292797988431872,0.2798418,2638,54095,614,0.06694666,23.37071,21.90851,21.67169
2972546253428123648,0.1644892,2640,54474,620,0.491854,25.08584,23.00023,21.26865
1837633899853801472,1.856752,1632,52996,601,0.2929294,22.0582,20.88828,19.6596
2971417048980154368,0.3090061,2639,54116,608,0.5213408,24.88297,22.77065,21.07284
2972542135829635072,0.8047911,2640,54806,605,0.1833073,23.96172,22.64822,21.9325
1302835011593988096,3.850334,1157,52643,614,0.183607,21.56602,20.18553,19.41741
1398456793411119104,8.515772,1242,52901,324,0.1812876,23.36443,19.28645,17.98779
1721597213987072000,5.735442,1529,52930,350,0.2285849,21.68265,19.90524,18.32957
1399585442583570432,10.19095,1243,52930,334,0.1151391,20.17415,19.01605,18.53985
1398459542190188544,10.40392,1242,52901,334,0.1868404,20.87703,19.09448,17.99844
1721597763742885888,8.047882,1529,52930,352,0.2168064,20.47266,19.14234,18.25419
1837635823999150080,2.979275,1632,52996,608,0.2307165,22.92824,20.44439,18.94692
1399586542095198208,6.514674,1243,52930,338,0.1765389,20.71908,19.82152,19.0011
1838697127631415296,3.367233,1633,52998,373,0.2200817,22.99175,20.6226,18.97492
1302835836227708928,6.526917,1157,52643,617,0.07032809,20.77885,19.45976,19.04615
1721596939109165056,1.04132,1529,52930,349,0.3312946,25.43009,21.63028,20.21536
1399583518438221824,3.411689,1243,52930,327,0.1760887,22.1076,20.72618,19.74844
1838696852753508352,1.782805,1633,52998,372,0.3148333,23.82926,21.39346,19.79203
1838694103974438912,1.950641,1633,52998,362,0.2272995,23.26822,21.51993,20.02719
1399583793316128768,2.215226,1243,52930,328,0.2495409,21.4025,20.12603,19.00867
1838699051776763904,2.905882,1633,52998,380,0.1837924,22.28161,20.35504,19.13025
1398458717556467712,124.3426,1242,52901,331,0.03984664,18.52571,16.41782,15.39036
1398459267312281600,37.39502,1242,52901,333,0.0393708,17.85144,15.88613,14.90528
1721608758859163648,5.934927,1529,52930,392,0.185535,22.56794,21.00685,20.28012
1721608483981256704,15.11042,1529,52930,391,0.1819576,21.34186,18.86171,17.47591
1721608209103349760,7.202329,1529,52930,390,0.1844647,20.89901,19.38654,18.35493
1398459817068095488,11.10856,1242,52901,335,0.07041505,20.08731,18.44318,17.73621
1399594513554499584,6.328538,1243,52930,367,0.1871004,21.11404,20.02843,19.34886
1721606834713815040,7.834953,1529,52930,385,0.04014628,20.62286,18.63409,17.7166
1838710046893041664,6.035662,1633,52998,420,0.1826794,21.89587,19.92442,18.56648
1398470537306466304,6.73303,1242,52901,374,0.1780132,21.42345,19.2326,17.96007
1399595613066127360,1.564996,1243,52930,371,0.296161,25.03324,20.82377,18.94823
1399582418926594048,4.385756,1243,52930,323,0.1864432,20.92805,19.67818,18.79607
1399582968682407936,3.461221,1243,52930,325,0.1350555,22.42156,20.65053,19.66008
1838694653730252800,2.268217,1633,52998,364,0.1824066,22.55084,20.78933,19.65036
1399596437699848192,1.858441,1243,52930,374,0.1855114,21.77448,20.74016,19.89823
1399595887944034304,2.811161,1243,52930,372,0.04007165,23.00771,20.03799,19.56267
1838705099090716672,2.500453,1633,52998,402,0.2212155,22.15634,20.65546,19.62029
1399593139164964864,3.10194,1243,52930,362,0.1788832,22.30381,20.02726,18.87959
1399597537211475968,4.08608,1243,52930,378,0.1817484,23.04,20.47448,19.17719
1398470812184373248,6.798968,1242,52901,375,0.1799167,20.6604,18.81018,17.55901
1721609033737070592,7.76248,1529,52930,393,0.1847041,20.47614,19.28489,18.38776
1838709772015134720,5.15451,1633,52998,419,0.1783999,22.42422,20.30842,18.80464
1398470262428559360,7.190113,1242,52901,373,0.184636,20.35561,18.10998,16.65885
1838706748358158336,3.186351,1633,52998,408,0.1841236,26.11123,21.01891,19.53515
1399606608182405120,5.544562,1243,52930,411,0.1835186,22.39861,20.11739,18.63408
1838707298113972224,4.539582,1633,52998,410,0.1788761,22.43591,20.14539,18.80582
1721606284958001152,6.02169,1529,52930,383,0.1796971,21.0549,19.56651,18.62321
1838707572991879168,3.013143,1633,52998,411,0.2813382,21.87212,20.66606,19.80693
1399596712577755136,3.777821,1243,52930,375,0.03926044,21.37018,19.89559,19.4906
1399596162821941248,0.397708,1243,52930,373,0.1788102,26.54492,21.26756,20.35807
1838709222259320832,2.134267,1633,52998,417,0.1829133,22.8617,21.45509,20.05452
1399595338188220416,1.956076,1243,52930,370,0.04008322,21.8847,19.73532,19.07709
1399604409159149568,1.451147,1243,52930,403,0.01949213,22.1812,19.69345,19.24405
1398467788527396864,25.87093,1242,52901,364,0.03979781,19.93372,17.69985,16.66251
1838708122747693056,2.838485,1633,52998,413,0.2239347,25.56181,21.25288,19.86856
1721618654463813632,10.63339,1529,52930,428,0.1723639,21.07014,19.3644,18.34573
1721620028853348352,11.02706,1529,52930,433,0.03884962,20.64504,18.5793,17.53939
1399607982571939840,13.52428,1243,52930,416,0.02502873,20.55177,19.23989,18.57758
1398469987550652416,6.169292,1242,52901,372,0.2350157,21.94704,19.82336,18.1696
1398479608277395456,7.071923,1242,52901,407,0.1853522,22.04765,19.0969,17.70018
1399605233792870400,3.801649,1243,52930,406,0.1858206,23.46159,20.58813,19.65569
1399605508670777344,8.452621,1243,52930,407,0.0390997,20.28842,19.07168,18.40672
1399607157938219008,3.480039,1243,52930,413,0.1833975,21.42491,20.4192,19.59277
1399609082083567616,5.323932,1243,52930,420,0.1798525,20.94809,19.87328,18.9971
1838705923724437504,1.955293,1633,52998,405,0.2414602,24.54576,20.80912,19.28424
1838718842986063872,2.867798,1633,52998,452,0.1831838,22.50623,20.63158,19.59426
1838717743474436096,3.279931,1633,52998,448,0.22269,21.75516,20.41613,19.44981
1398478508765767680,4.608812,1242,52901,403,0.1834777,20.61402,19.23557,18.27861
1399606058426591232,4.989985,1243,52930,409,0.1816644,21.93006,19.69849,18.61091
1398480158033209344,65.0425,1242,52901,409,0.035788,18.35856,16.24755,15.2596
1399604134281242624,3.819718,1243,52930,402,0.1809298,22.11838,19.59352,18.33701
1398482082178557952,8.579032,1242,52901,416,0.1834793,22.07826,18.94595,17.57685
1721621678120790016,14.21324,1529,52930,439,0.1095298,19.31449,18.14952,17.46705
1398478233887860736,15.11148,1242,52901,402,0.1091017,19.29955,17.97023,17.24436
1398483181690185728,7.517566,1242,52901,420,0.182631,21.75483,19.38306,18.0084
1399607432816125952,3.163718,1243,52930,414,0.1975366,22.61705,20.72733,19.35552
1399618427932403712,7.385148,1243,52930,454,0.1178263,20.76632,19.4964,18.81509
1721619479097534464,6.248642,1529,52930,431,0.1147309,20.75232,19.86868,19.58316
1399618977688217600,4.697686,1243,52930,456,0.03625794,21.36407,19.7099,19.02534
1838719667619784704,2.722542,1633,52998,455,0.3196009,21.91181,20.82192,19.72397
1838718018352343040,2.096966,1633,52998,449,0.2757485,22.53069,20.93917,19.76528
1398491153149487104,9.342157,1242,52901,449,0.1643383,21.65973,19.36512,18.06441
1398491977783207936,7.661962,1242,52901,452,0.1360623,21.75973,19.56784,18.27632
1721642019085903872,5.91062,1529,52930,513,0.1647258,21.28128,19.92986,19.1053
1838716094206994432,2.790019,1633,52998,442,0.1363701,22.56748,20.96974,20.08831
1399620077199845376,2.060553,1243,52930,460,0.1639356,22.33125,20.85822,20.14564
1398489778759952384,5.547735,1242,52901,444,0.07097984,20.14191,18.68336,18.12849
1721640369818462208,0.3240409,1529,52930,507,0.4615138,24.61265,22.71747,20.61765
1398489229004138496,16.93431,1242,52901,442,0.1641361,19.41176,18.22642,17.49589
1398493627050649600,13.62286,1242,52901,458,0.1187403,20.07348,18.56951,17.77021
1398493901928556544,16.53497,1242,52901,459,0.1181179,20.72568,18.65941,17.46466
1838739733706991616,4.539126,1633,52998,528,0.2449224,21.99495,19.89395,18.58689
1399618702810310656,3.416998,1243,52930,455,0.1863578,22.00159,20.22629,19.37336
1721641744207996928,4.605981,1529,52930,512,0.2002716,21.20045,19.7256,18.79969
1838741382974433280,3.278041,1633,52998,534,0.2779833,21.87294,20.72028,19.72565
1838740008584898560,2.026993,1633,52998,529,0.1848998,22.71413,20.83461,19.50856
1838738359317456896,1.978436,1633,52998,523,0.1863637,22.86623,20.93074,19.52876
1838743032241874944,2.14758,1633,52998,540,0.2924669,22.0222,21.19752,19.95824
1398512043870414848,6.08778,1242,52901,525,0.1620981,20.89921,18.99682,17.87935
1398514242893670400,125.1515,1242,52901,533,0.0371233,17.9766,16.00926,15.0054
1721650815178926080,9.128144,1529,52930,545,0.212829,20.57216,19.56176,18.56054
1398512593626228736,8.767789,1242,52901,527,0.1655204,21.41707,19.52486,18.22631
1398515892161112064,7.053542,1242,52901,539,0.1872229,21.40745,19.3671,17.9389
1398512318748321792,5.869467,1242,52901,526,0.2139251,21.80675,19.73818,18.23859
1399616778664962048,10.10689,1243,52930,448,0.03656904,21.53451,19.55616,18.50286
1838753202724431872,3.15602,1633,52998,577,0.2273578,24.04783,20.8647,19.16438
1399640693042866176,5.359265,1243,52930,535,0.1628595,21.0455,19.96041,19.3183
1838739458829084672,2.075176,1633,52998,527,0.3264842,22.48199,20.66646,19.67673
1398514792649484288,8.023337,1242,52901,535,0.03839651,19.99115,18.79472,18.27121
1838741932730247168,3.331491,1633,52998,536,0.1884288,21.95722,20.25501,19.08973
1721653838835902464,2.826727,1529,52930,556,0.1827865,20.74777,19.68544,18.93714
1838752927846524928,9.829219,1633,52998,576,0.1869527,20.702,19.03491,18.18621
1399638494019610624,14.84428,1243,52930,527,0.1193093,20.53039,19.37554,18.7788
1399637394507982848,3.909443,1243,52930,523,0.1657947,21.98203,20.17199,19.13543
1398511219236694016,4.28369,1242,52901,522,0.2129216,21.39004,19.65581,18.41106
1721652189568460800,3.412796,1529,52930,550,0.1644919,21.56962,20.17932,19.5474
1399637944263796736,0.8154015,1243,52930,525,0.3764592,22.95833,21.11103,19.27774
1721662634928924672,0.0703603,1529,52930,588,0.4792976,25.43319,22.30446,20.6811
1721664559074273280,1.5139,1529,52930,595,0.375562,22.16568,20.64275,19.30725
1721665383707994112,6.755154,1529,52930,598,0.1186984,21.00776,20.29828,19.88204
1838749079555827712,1.907649,1633,52998,562,0.4796661,22.85063,21.59643,19.80684
1399637119630075904,3.570344,1243,52930,522,0.1654227,22.55895,20.34731,19.01241
1398526612399482880,7.510128,1242,52901,578,0.03829079,20.10432,18.14282,17.09745
1838748804677920768,4.152547,1633,52998,561,0.2197655,22.7018,20.04038,18.45561
1838751278579083264,3.158458,1633,52998,570,0.2236427,22.88779,20.48039,19.09257
1721664284196366336,5.25163,1529,52930,594,0.2323046,21.4166,20.37327,19.74535
1399650588647516160,0.3419318,1243,52930,571,0.3748533,26.27712,20.67861,18.93116
1721663459562645504,0.3814655,1529,52930,591,0.2198018,26.26313,21.64771,20.24593
1398536508004132864,45.16338,1242,52901,614,0.03801756,18.86361,17.51644,16.76208
1399652512792864768,5.487508,1243,52930,578,0.2429839,22.38034,20.16603,18.59133
1721663184684738560,6.225392,1529,52930,590,0.08506674,21.34455,19.86859,19.10838
1399648389624260608,6.44059,1243,52930,563,0.1239006,20.98476,19.80458,19.23338
1399653062548678656,3.681016,1243,52930,580,0.11983,20.98028,19.70036,18.86438
1399651688159143936,2.244483,1243,52930,575,0.06200153,21.2286,20.05767,19.42653
1838761998817454080,3.248199,1633,52998,609,0.2421516,22.26674,20.87197,19.95116
1399652787670771712,0.1326732,1243,52930,579,0.4780207,24.96693,21.71183,19.91891
1838764747596523520,2.037449,1633,52998,619,0.2495224,23.00942,21.22527,19.99685
1838762548573267968,1.852615,1633,52998,611,0.2203734,22.78475,20.92692,19.91812
1399651963037050880,1.602789,1243,52930,576,0.2727877,23.98083,21.17123,19.69482
1838762273695361024,3.355257,1633,52998,610,0.2192236,21.83756,20.47842,19.34543
1838764197840709632,0.9324442,1633,52998,617,0.2597129,24.72262,21.53393,19.77918
1399662133519607808,1.850717,1243,52930,613,0.2248024,22.22722,21.10206,20.11674
1399659109862631424,3.711372,1243,52930,602,0.2435016,22.32684,20.78784,19.46404
1398535408492505088,45.80904,1242,52901,610,0.07624648,19.16978,17.0893,16.04692
1399659384740538368,5.211394,1243,52930,603,0.07588752,22.84132,20.44088,19.42602
1399661308885886976,2.857208,1243,52930,610,0.1995132,21.98017,20.32873,18.76007
1398536782882039808,7.178497,1242,52901,615,0.03744578,19.86331,18.46294,17.86164
1721676103946364928,4.259712,1529,52930,637,0.1199057,20.79156,19.39603,18.69065
1838765022474430464,2.348855,1633,52998,620,0.2686206,23.02303,21.61288,20.21108
1399660209374259200,1.911864,1243,52930,606,0.2188525,22.4711,20.84774,19.82247
1399661034007980032,2.899546,1243,52930,609,0.1062404,21.83173,20.1631,19.56388
1838761174183733248,2.011821,1633,52998,606,0.2623383,25.71259,20.86922,19.26067
1399660759130073088,3.073685,1243,52930,608,0.1064055,20.47493,19.22686,18.62088
1721672530533574656,0.9518083,1529,52930,624,0.3237897,23.01927,21.46527,19.53018
1399661858641700864,0.6468177,1243,52930,612,0.3253638,25.35267,21.75285,19.86853
1398533209469249536,27.62531,1242,52901,602,0.03694114,20.16343,18.11784,17.05326
1398536233126225920,7.128863,1242,52901,613,0.2249722,21.87984,19.7645,18.32537
1398532934591342592,6.007375,1242,52901,601,0.1998446,22.19054,19.64768,18.15706
1398533484347156480,5.388275,1242,52901,603,0.1989025,21.37515,19.32948,17.70754
1838759799794198528,2.935122,1633,52998,601,0.2243846,24.55526,20.96914,19.33851
1399659659618445312,2.139854,1243,52930,604,0.2191734,22.26688,20.23878,19.24126
1838770245154662400,2.213635,1633,52998,639,0.1982556,22.62209,20.78312,19.54445
1721673630045202432,2.336627,1529,52930,628,0.2603563,23.29408,20.92768,19.67019
1406326574445258752,1.516776,1249,54484,282,3.621612E-05,24.37126,21.57123,19.63605
1417526448708675584,-0.8427944,1259,52931,67,0.7440266,24.1768,24.68733,23.20263
1417525074319140864,-0.187802,1259,52931,62,0.4517426,24.20236,24.53555,24.17398
1417546789673789440,0.8101104,1259,52931,141,0.5504448,24.62222,25.6259,24.00768
1417523974807513088,0.1388988,1259,52931,58,0.2527305,25.26918,25.04027,24.01768
1417523150173792256,-1.062145,1259,52931,55,0.7812743,24.10067,24.05463,22.18145
1417513529447049216,0.9525608,1259,52931,20,0.9927189,23.93086,24.88787,23.9975
1417598466720294912,0,1259,52931,329,0,17.14606,15.60793,15.40242
800638565766686720,5.372348,711,52202,450,0.169056,20.94594,20.26997,19.86886
466289168801097728,8.142325,414,51869,606,0.109002,19.84571,18.60943,17.88326
2332870162081933312,1.987226,2072,53430,20,0.2437971,25.6426,21.68261,20.8716
8170734625619636224,3.60454,7257,56658,287,0.9981128,23.13965,21.18491,19.10486
1402910941472909312,34.00057,1246,54478,144,0.5393306,21.52682,18.68268,16.83805
8170725554648707072,3.024704,7257,56658,254,0.9627435,23.81791,21.33185,19.35046
1404079692117469184,5.435286,1247,52677,300,0.7574083,24.59161,20.58132,18.60482
8170710986119639040,1.769891,7257,56658,201,0.975859,24.50557,21.92765,19.79207
1402889226118260736,0.8404654,1246,54478,65,0.0001161955,23.5846,22.14405,20.24455
1404068422123284480,64.4885,1247,52677,259,0.0002393494,21.09072,18.00339,16.20093
1402878231001982976,2.64413,1246,54478,25,0.9277373,25.14314,21.4105,19.52795
1405148997374470144,11.36439,1248,54477,94,0.4881368,21.47758,19.84418,19.10822
1406315304451074048,1.565424,1249,54484,241,-1.101651E-05,23.61824,21.95421,20.14492
1404058251640727552,0.5313171,1247,52677,222,0.00103959,25.32254,22.99256,20.98689
8170714284654522368,10.8024,7257,56658,213,0.9686859,23.29921,19.779,17.98913
1402890600507795456,3.647771,1246,54478,70,0.8821338,24.19169,20.97003,18.82871
1402891150263609344,2.122471,1246,54478,72,0.9947878,24.52632,21.5612,19.64934
1402880430025238528,1.845285,1246,54478,33,0.1075606,21.90428,20.49963,19.47655
1404044782623287296,6.377023,1247,52677,173,0.5734205,22.53373,20.53497,19.41659
1406288916172007424,0,1249,54484,145,0,24.37712,21.76399,20.04028
1406327948834793472,0,1249,54484,287,0,21.33382,19.47126,18.15536
1406336195172001792,8.968832,1249,54484,317,-1.903825E-05,21.59439,19.66044,18.61041
1405130030798891008,4.466562,1248,54477,25,0.593474,22.41653,20.88134,20.08018
1406324650299910144,1.027743,1249,54484,275,-5.395853E-05,23.88932,22.37086,20.49831
897477503650654208,7.933009,797,52263,492,0.1671055,21.19995,20.24975,19.90755
897517910702974976,8.927533,797,52263,639,0.6883767,20.97798,20.04583,19.75186
2310399442458535936,0,2052,53401,192,0,17.31963,16.03377,15.88767
2332917441081927680,0,2072,53430,192,0,21.03809,19.28498,18.53998
2332900948407511040,0,2072,53430,132,0,21.4051,20.17016,19.78863
2310382949784119296,0,2052,53401,132,0,20.89998,18.7437,17.82325
8170760189264982016,7.592145,7257,56658,380,0.1213036,22.1118,20.26117,19.00685
8170759639509168128,4.345365,7257,56658,378,0.4160375,22.49335,21.30568,20.2769
8170751393171959808,-3.78811,7257,56658,348,0.2993316,24.43398,21.82659,20.09426
8170750568538238976,1.880855,7257,56658,345,0.1207778,22.66203,20.19691,18.70425
8170730227573125120,3.776358,7257,56658,271,0.9687783,24.60952,21.13296,19.28571
8170727753671962624,8.863844,7257,56658,262,2.342765E-06,19.28211,19.21066,17.71246
8170718682701033472,1.797886,7257,56658,229,0.9680555,24.12953,21.96968,19.63791
8170706038317314048,0.4932157,7257,56658,183,0.1815472,18.28849,19.05223,17.86283
8170707962462662656,2.126786,7257,56658,190,0.9392106,23.41186,21.61317,19.27999
1404052204326774784,20.28267,1247,52677,200,-7.02135E-05,22.49294,19.1982,17.44131
8170684322962665472,1.483501,7257,56658,104,0.1195338,23.18184,20.76112,19.18895
8170685972230107136,2.928195,7257,56658,110,0.1095738,22.70314,19.99978,18.18173
8170683773206851584,0.5829374,7257,56658,102,0.2785164,23.48146,21.99439,20.00331
8170660133706854400,0,7257,56658,16,0,20.61981,18.84627,17.78107
8170656560294064128,1.311277,7257,56658,3,0.1495845,25.27546,21.31513,19.78696
1405198475397720064,0,1248,54477,274,0,21.90361,18.82004,17.33213
1405197925641906176,0,1248,54477,272,0,23.62895,21.71419,19.46837
1405184731502372864,19.86788,1248,54477,224,0.5697345,21.04538,19.23742,18.16831
1405155594444236800,4.536164,1248,54477,118,0.126261,23.54935,20.73439,19.08676
1406336744927815680,1.324597,1249,54484,319,0.6298705,24.64837,20.98956,18.72886
897515161923905536,9.69031,797,52263,629,0.1210211,20.5426,20.06322,19.90789
897513237778556928,0,797,52263,622,0,21.0218,19.80858,19.48456
8175237949446352896,2.09771,7261,56603,286,0.1530254,19.87885,18.55022,17.7102
8175226679452168192,2.788821,7261,56603,245,0.2365316,21.20938,19.90013,18.84102
8175204414341705728,2.144091,7261,56603,164,0.1785858,24.17434,19.61877,18.33721
2332984511291222016,0,2072,53430,436,0,21.71947,20.10877,19.45266
1400734977695442944,0,1244,52674,420,0,22.18234,19.98932,18.5348
1400752844759394304,1.326513,1244,52674,485,0.1795987,24.34543,21.15971,19.84752
8170798397294047232,11.16612,7257,56658,519,0.05319059,19.39432,17.67657,16.73306
8170797297782419456,7.383563,7257,56658,515,0.05301687,19.56383,18.14851,17.32157
8170803345096372224,1.219471,7257,56658,537,0.1248292,21.85709,20.50243,19.6689
8170814889968463872,6.285795,7257,56658,579,0.1218413,20.70553,18.46241,17.20218
8170803894852186112,1.981772,7257,56658,539,0.148428,22.8617,20.77898,19.36618
8170776407061491712,2.003707,7257,56658,439,0.1498889,21.88582,20.56926,19.53635
8170776132183584768,2.730886,7257,56658,438,0.114767,21.17066,18.76777,17.68932
8170763212921958400,3.706179,7257,56658,391,0.1210688,22.7857,20.01745,18.49949
8170847875317297152,5.972578,7257,56658,699,0.1206548,22.21178,19.78053,18.38783
1403006049228711936,10.57594,1246,54478,490,0.0001810035,22.48929,19.88262,17.92361
1403004949717084160,0.7554874,1246,54478,486,0.0001765516,24.9948,22.35451,20.15194
1403009336103430144,10.38732,1246,53783,502,0.0001199675,22.51406,19.98562,17.93217
1403020068001966080,1.518607,1246,54478,541,0.7411852,25.24463,21.58276,19.56023
1404113776977930240,1.261635,1247,52677,424,0.7065571,23.43338,21.93931,19.84479
1403031337996150784,0.5151573,1246,54478,582,-0.00471335,24.48813,22.67593,20.41294
1404128895262812160,0.766491,1247,52677,479,0.7364672,23.69365,22.04521,20.28344
8170688721009176576,0.7738719,7257,56658,120,0.1193275,23.65362,20.89125,19.44916
8170699166369640448,0.4559293,7257,56658,158,0.2174353,22.93604,21.99409,20.63431
8170699716125454336,0.3324333,7257,56658,160,0.919917,20.6771,19.1075,29.73479
8170677725892898816,1.494102,7257,56658,80,0.1500173,24.27616,21.11374,19.62533
1405263346583758848,20.38471,1248,54477,510,0.552613,21.14226,19.21889,18.07977
1406347190288279552,24.77031,1249,54484,357,0.5880927,20.85266,19.06791,18.03091
1405296606810499072,0,1248,54477,631,0,25.1711,22.24519,20.42133
1703599046880421888,11.22162,1513,53741,409,0.1334663,21.14573,19.31739,18.32701
1759883583440316416,5.980983,1563,52941,371,0.1811873,20.45397,19.35008,18.36218
798385116735891456,6.355955,709,52205,444,0.1687725,20.6198,19.50115,18.77637
2972478639033131008,0.4332141,2640,54806,374,0.4139616,25.21872,22.19981,20.39452
1837581673051482112,2.207289,1632,52996,411,0.2954184,21.2414,19.22911,17.99313
1302779211378878464,8.131719,1157,52643,411,0.1300828,21.6324,19.99278,19.06093
1837616582545664000,2.305679,1632,52996,538,0.2674835,22.48669,20.81211,19.45457
1195854179076171776,2.032089,1062,52619,540,0.3563891,22.20239,21.46245,20.3099
2971407434108659712,0.08683658,2639,54465,573,0.5276468,23.20006,23.87107,20.90954
1399582693804500992,6.100646,1243,52930,324,0.1689568,20.40235,19.01651,18.1806
2970280153604712448,0.455145,2638,54095,568,0.3940807,24.11258,22.42929,20.17586
1838706473480251392,1.472058,1633,52998,407,0.3097489,23.69934,21.50525,19.74826
1838741108096526336,4.712269,1633,52998,533,0.1825923,22.63626,20.31913,19.08033
8175281380155650048,1.744234,7261,56603,444,0.2198988,21.44204,19.75344,18.56937
8175280830399836160,3.286526,7261,56603,442,0.08010501,21.41571,19.45902,18.5238
8175270934795186176,11.62028,7261,56603,406,0.08769482,21.32102,19.06387,18.17021
8175273133818441728,10.61067,7261,56603,414,0.08792952,19.93095,17.85661,16.82153
8175271484551000064,1.839886,7261,56603,408,0.1840328,20.73394,19.25996,18.39508
8175272034306813952,0.7771524,7261,56603,410,0.5191615,22.82574,21.86394,20.08259
8175259115045187584,2.045185,7261,56603,363,0.1809219,21.00965,19.68834,18.88528
8175261863824257024,1.786257,7261,56603,373,0.1409928,21.7749,20.15593,19.13514
8175269835283558400,2.998797,7261,56603,402,0.1820744,22.13191,19.7362,18.37855
8175261039190536192,2.024871,7261,56603,370,0.1389727,21.07429,19.82536,19.11645
8175262963335884800,2.28261,7261,56603,377,0.0648789,20.55498,18.97403,18.11224
8175258565289373696,1.702813,7261,56603,361,0.2420652,21.08511,19.78956,18.71478
8175259664801001472,1.422023,7261,56603,365,0.2720198,22.64951,20.93402,19.90898
8175248119928909824,0.2119967,7261,56603,323,0.3660306,21.20221,19.91953,18.62063
8175238774080073728,9.637643,7261,56603,289,0.08551472,19.94602,18.63096,17.96062
8175239323835887616,3.883213,7261,56603,291,0.1317381,20.07574,18.79573,17.98344
8175217883359145984,9.653282,7261,56603,213,0.1535145,20.31942,19.09733,18.30153
8175225854818447360,2.589993,7261,56603,242,0.2543222,21.10787,19.81259,18.88185
8175226954330075136,2.223594,7261,56603,246,0.2546386,21.13211,19.66449,18.8033
8175215959213797376,0.5781023,7261,56603,206,0.2552932,25.595,21.03009,19.48818
8175218707992866816,2.764994,7261,56603,216,0.2549474,21.64805,20.34628,19.37738
1400709963805911040,0,1244,52674,329,0,21.41547,18.67549,17.2941
8175203589707984896,1.047642,7261,56603,161,0.29486,22.38545,20.28363,18.97452
8175196992638218240,4.052971,7261,56603,137,0.1005991,20.30937,18.99131,18.32205
8175192869469614080,2.17968,7261,56603,122,0.2052609,22.2537,20.1842,18.84065
8175193144347521024,0.6431198,7261,56603,123,0.1997956,21.61186,19.65727,18.52672
8175185722644033536,1.625284,7261,56603,96,0.06775048,21.74986,20.25553,19.31343
1402974988025227264,19.98022,1246,54478,377,0.05184619,18.6229,17.1696,16.17686
8170799496805675008,2.11259,7257,56658,523,0.05387096,20.29945,19.06379,18.3628
8170822586549858304,5.524805,7257,56658,607,0.1146831,20.94081,19.46674,18.38219
8170857496044040192,0,7257,56658,734,0,22.61836,20.33694,18.71895
8170836605323112448,0,7257,56658,658,0,21.51087,20.46315,19.8814
8170836055567298560,0,7257,56658,656,0,24.00143,21.78435,20.14959
8170833856544043008,2.946828,7257,56658,648,0.2504199,20.6968,19.81373,18.75597
1403018143856617472,2.403838,1246,54478,534,9.055077E-05,24.27949,21.26676,19.44894
8170820937282416640,0,7257,56658,601,0,23.8477,20.96547,18.81219
8170803619974279168,0,7257,56658,538,0,23.87415,21.48607,20.6023
1403030788240336896,0.9069258,1246,54478,580,0.0001964856,24.34246,22.27068,20.15663
1404088763088398336,0.5187424,1247,52677,333,0.7652942,24.92571,22.28516,20.35989
8170888007491710976,3.3285,7257,56658,845,0.7064298,24.1632,21.26404,19.32545
1404097834059327488,1.377945,1247,52677,366,0.9158136,23.96462,21.65634,19.88315
1403039309455452160,4.466129,1246,54478,611,0.5511391,23.313,20.84784,19.42151
1403040958722893824,4.531946,1246,54478,617,0.8304361,23.18315,20.9393,19.10615
8170888557247524864,1.775358,7257,56658,847,0.1142079,21.55492,20.17259,18.66214
1403038484821731328,8.826132,1246,54478,608,0.5770968,22.00221,20.06444,18.84222
8170910272602173440,0.8464469,7257,56658,926,0.1494839,23.29489,21.90352,20.12358
8170898727730081792,3.247397,7257,56658,884,0.04157624,22.20272,20.51789,19.38633
8170911097235894272,1.250913,7257,56658,929,0.1136795,22.69556,20.26888,18.73396
913219493314979840,14.66183,811,52669,417,0.1518118,20.05477,19.12657,18.6604
904213662560970752,7.778112,803,52318,422,0.1335248,20.34243,19.2608,18.68726
904237576938874880,5.354756,803,52318,509,0.1333634,20.83423,19.64073,19.22962
756708677687207936,2.731035,672,52172,378,0.3691266,22.39452,20.80183,19.46684
905335713640245248,4.974748,804,52286,408,0.03348958,20.61928,19.45387,19.07576
800671276237613056,10.75556,711,52202,569,0.08514857,19.86938,18.72992,18.23849
911007825306609664,2.362015,809,52647,563,0.1988278,22.38349,21.02218,19.62477
907570751035435008,10.04914,806,52592,347,0.08577748,20.39098,19.27765,18.82059
8175292375271927808,1.338165,7261,56603,484,0.3316582,21.41948,20.4295,19.37392
8175291825516113920,3.447835,7261,56603,482,0.08679769,21.08778,19.323,18.35265
8175286877713788928,1.624051,7261,56603,464,0.158801,21.14631,19.48551,18.56711
8175291550638206976,1.022086,7261,56603,481,0.149374,23.14506,20.59601,19.39729
8175287152591695872,3.843485,7261,56603,465,0.149932,20.69473,19.36518,18.58659
8175286053080068096,9.46868,7261,56603,461,0.08706198,18.71668,16.93691,15.98539
8175277806742859776,1.355313,7261,56603,431,0.282463,21.26022,20.43189,19.47934
8175276432353325056,0.7445148,7261,56603,426,0.2816139,21.6636,21.13157,20.30834
8175286327957975040,1.55888,7261,56603,462,0.2133284,21.96688,20.47629,19.00717
8175264887481233408,8.476601,7261,56603,384,0.07980244,19.1767,18.00949,17.47317
8175275057963790336,3.471084,7261,56603,421,0.1386835,20.66469,19.20469,18.42118
8175254716998676480,0.9050953,7261,56603,347,0.4926104,23.43226,21.56946,20.34975
8175251968219607040,1.247765,7261,56603,337,0.3332632,23.14607,20.94406,19.5306
8175243172126584832,1.411654,7261,56603,305,0.2772098,22.46564,19.15347,17.9135
8175241522859143168,13.06864,7261,56603,299,0.02759532,18.12462,16.93704,16.46365
8175242072614957056,1.482521,7261,56603,301,0.2770955,21.44378,20.60266,19.50167
8175231902132400128,3.578816,7261,56603,264,0.1986131,20.3204,18.91804,17.91112
8175221731649843200,3.783587,7261,56603,227,0.1546241,21.98954,20.18455,19.34014
8175215684335890432,1.228517,7261,56603,205,0.3371161,22.293,21.02719,19.66089
8175210186777751552,3.219235,7261,56603,185,0.1847412,20.96389,19.53226,18.55596
8175222556283564032,2.761387,7261,56603,230,0.1986807,21.48785,19.82162,18.62038
8175208812388216832,4.772336,7261,56603,180,0.2772946,20.50988,19.1559,18.00057
8175207712876589056,3.952224,7261,56603,176,0.09942608,20.01569,18.37428,17.51902
8175198916783566848,2.990735,7261,56603,144,0.2231638,21.45364,20.1517,19.27117
8175205788731240448,2.679656,7261,56603,169,0.2001305,20.99324,19.01573,18.06156
8175199466539380736,3.80185,7261,56603,146,0.1781398,20.50868,18.8681,17.87542
8175187646789382144,1.435326,7261,56603,103,0.5099558,22.39626,20.27608,19.10538
8175188196545196032,1.472958,7261,56603,105,0.3496102,21.93607,21.21695,19.39058
8175197817271939072,5.03126,7261,56603,140,0.1539988,20.97365,19.16625,18.0628
8175190670446358528,1.031485,7261,56603,114,0.2412867,21.26024,19.62728,18.57944
8175188471423102976,2.471625,7261,56603,106,0.278898,21.6291,20.02488,18.96831
8175186822155661312,4.92736,7261,56603,100,0.1051363,20.66227,19.31137,18.67785
8175187097033568256,1.005958,7261,56603,101,0.2340979,23.63199,21.19003,19.91998
8175177476306825216,2.302433,7261,56603,66,0.212786,21.66425,20.20602,19.08881
8175178026062639104,1.453923,7261,56603,68,0.2862958,22.03115,20.78737,19.58137
2332975990076106752,4.815806,2072,53430,405,0.8640304,21.69582,20.7471,20.25815
8170828633863811072,7.774949,7257,56658,629,0.05060186,19.3763,17.8521,16.91708
1404096459669792768,3.898082,1247,52677,361,0.624984,23.35704,21.01981,19.4257
8170894604561477632,0.8668265,7257,56658,869,0.1373911,26.82626,21.99722,20.17627
1405236683426785280,5.925789,1248,54477,413,0.5498869,22.09047,20.48005,19.51904
1405279014624454656,8.680675,1248,54477,567,0.5518352,22.13225,20.12297,19.12359
1402886477339191296,11.92851,1246,54478,55,0.9153443,22.67325,19.84436,17.90495
897395040278571008,0,797,52263,192,0,21.18762,20.22903,19.95989
897417305389033472,0,797,52263,273,0,20.82024,19.79406,19.47465
897517635825068032,9.541302,797,52263,638,0.6687062,20.92885,19.92406,19.61914
1404116525756999680,1.848142,1247,52677,434,0.757321,23.52058,21.59918,19.60182
897510214121580544,7.563026,797,52263,611,0.1372496,21.09504,20.21774,19.91421
8175275882597511168,0.4750416,7261,56603,424,0.2547735,22.42136,21.20011,19.94023
8171928694358208512,1.131096,7258,56605,535,0.9927216,26.07908,22.05176,20.73316
1402879330513610752,1.532672,1246,54478,29,0.8081945,24.842,21.84553,20.10049
8175216783847518208,1.920661,7261,56603,209,0.3171906,21.39972,20.5265,19.60585
8175215409457983488,0.9082655,7261,56603,204,0.2527188,21.09394,20.07939,19.34179
2310465962912016384,431.0333,2052,53401,434,0.0002713765,17.55962,15.91703,15.13653
8175295673806811136,4.133943,7261,56603,496,0.08648556,20.11436,18.28865,17.31328
8175293749661462528,4.573764,7261,56603,489,0.08915433,19.92937,18.50198,17.73805
8175294299417276416,2.640823,7261,56603,491,0.08606943,20.64245,18.97074,17.97366
8175293474783555584,1.380822,7261,56603,488,0.2995087,21.93421,20.39441,19.0527
8175289076737044480,23.61163,7261,56603,472,0.08777061,19.04474,16.85995,15.77935
8175278631376580608,4.786414,7261,56603,434,0.09002323,20.08327,18.3772,17.38722
8175276707231232000,4.114894,7261,56603,427,0.08640011,20.25963,18.4495,17.58522
8175277531864952832,9.601992,7261,56603,430,0.08755635,19.88482,18.25031,17.35732
8175287977225416704,1.662327,7261,56603,468,0.142817,21.75967,20.13697,19.06137
8175275607719604224,2.528845,7261,56603,423,0.1436683,21.04806,19.68539,18.71871
8175277256987045888,8.133145,7261,56603,429,0.0508039,18.85276,17.71389,17.28145
8175278356498673664,2.311568,7261,56603,433,0.2186033,21.38803,19.82929,18.48297
8175265437237047296,5.310992,7261,56603,386,0.2417795,22.90877,22.7812,19.20512
8175268460894023680,2.220719,7261,56603,397,0.2787811,21.00195,19.89503,18.99083
8175267911138209792,0.6519215,7261,56603,395,0.3270477,23.19411,21.70424,20.0414
8175253342609141760,7.811457,7261,56603,342,0.2010995,20.31425,18.75001,17.77987
8175267361382395904,1.959438,7261,56603,393,0.2550922,21.06149,19.6562,18.83739
8175255816510304256,0.8481357,7261,56603,351,0.3381588,22.47031,20.50442,19.265
8175244271638212608,5.44749,7261,56603,309,0.1245478,21.24518,19.17511,18.135
8175243996760305664,2.549196,7261,56603,308,0.1448762,20.33899,19.30235,18.46661
8175231077498679296,2.024412,7261,56603,261,0.2184034,21.93065,20.18311,18.90911
8175232451888214016,0.7479553,7261,56603,266,0.6311951,22.39335,21.30317,20.47075
8175211836045193216,4.461591,7261,56603,191,0.1491529,20.0204,18.74396,17.9643
8175212385801007104,2.083714,7261,56603,193,0.2457043,21.704,20.11694,19.02118
8170826709718462464,6.655606,7257,56658,622,0.1315183,21.18281,19.27294,18.18466
8170826984596369408,2.525845,7257,56658,623,0.05309552,20.95242,19.69404,18.80097
8170848699951017984,4.35748,7257,56658,702,0.1567136,21.76148,19.19844,17.85629
8170870415305666560,3.105181,7257,56658,781,0.1535574,21.54821,20.33004,18.84833
8170903400654499840,0.8958172,7257,56658,901,0.1012183,26.26082,21.4024,19.64272
8170903675532406784,1.218179,7257,56658,902,0.1389629,22.84031,21.59889,19.98381
1417623480609826816,0,1259,52931,420,0,16.52301,15.71982,15.51316
8387985754836103168,0,7450,56722,114,0,20.08385,18.0334,17.12793
5342519951390076928,2.19438,4745,55892,454,0.3522917,23.38178,20.89116,19.03045
5342517477488914432,0.4858517,4745,55892,445,0.4848075,23.42813,22.00932,20.24249
5342506482372636672,0.7961764,4745,55892,405,0.816318,24.99799,21.23285,20.38091
5342510330663333888,0.7690291,4745,55892,419,0.4879435,25.4872,21.51208,19.97696
5342516377977286656,0.638584,4745,55892,441,0.4885232,25.26734,22.83915,20.84183
5342517202611007488,2.361132,4745,55892,444,0.3123359,24.50433,20.20984,18.57361
5342509231151706112,1.153294,4745,55892,415,0.488953,24.60868,21.3342,19.56849
5342516927733100544,0.4523671,4745,55892,443,0.4858721,23.65244,22.21436,20.54377
5342505932616822784,0.8251092,4745,55892,403,0.5564515,24.4216,21.67596,19.99057
5342507581884264448,1.618088,4745,55892,409,0.3502755,24.71503,20.93152,19.1244
5342505382861008896,1.30778,4745,55892,401,0.6106909,23.71841,21.63167,20.24298
5342507032128450560,0.342389,4745,55892,407,0.4335116,23.47308,22.2101,20.69434
5342497686279614464,0.2170387,4745,55892,373,0.6138047,22.42208,22.11255,20.99811
5342496311890079744,0.5509657,4745,55892,368,0.359689,24.01652,22.76663,20.9178
5342495762134265856,15.48778,4745,55892,366,0.1490878,20.14696,17.98864,16.85246
5342496037012172800,1.671344,4745,55892,367,0.4017174,24.63225,20.65603,18.92926
5342494387744731136,1.038388,4745,55892,361,0.4019461,24.47047,21.52101,19.88755
5342497136523800576,0.5352875,4745,55892,371,0.6104437,22.71918,22.2632,20.99331
5342498236035428352,1.604593,4745,55892,375,0.3101198,22.67867,21.29064,20.23759
5342484767017988096,41.31174,4745,55892,326,0.05492633,18.94659,17.00586,16.15642
5342483942384267264,0.7879559,4745,55892,323,0.402686,24.44414,22.16131,20.68378
5342486966041243648,2.936287,4745,55892,334,0.3565951,22.21844,21.1372,19.15256
5342485041895895040,0.5034884,4745,55892,327,0.6103201,23.09028,21.73564,20.89291
5342487515797057536,1.58414,4745,55892,336,0.3565094,21.54865,20.78088,19.09488
5342484492140081152,0.2119698,4745,55892,325,0.5690399,25.48002,22.31659,20.37857
5342473771901710336,1.165888,4745,55892,286,0.3573343,22.74189,20.74192,18.88338
5342472672390082560,3.876953,4745,55892,282,0.2859503,22.94783,19.95541,18.33936
5342475146291245056,0.472765,4745,55892,291,0.6799484,24.309,22.58944,20.87221
5342474871413338112,1.071836,4745,55892,290,0.3555499,22.67663,21.52946,19.47195
5342473222145896448,10.29912,4745,55892,284,0.05208391,19.74947,17.88357,16.90825
5342463051663339520,0.6964735,4745,55892,247,0.5790085,23.46003,22.32122,20.75453
5342465250686595072,0.5494597,4745,55892,255,0.55213,23.47089,22.3416,20.43551
5342464151174967296,0.4670343,4745,55892,251,0.6127399,24.71401,22.24671,20.42727
5342464700930781184,0.8496025,4745,55892,253,0.5290861,24.88557,22.36423,20.38691
5342461402395897856,0.6781302,4745,55892,241,0.5523352,22.37173,21.96688,20.12777
5342454255570317312,0.537791,4745,55892,215,0.5128739,22.88841,22.46718,20.83647
5342453430936596480,1.635791,4745,55892,212,0.3531439,25.2559,21.74685,19.69668
5342453705814503424,0.8288868,4745,55892,213,0.3550736,22.40422,21.98785,20.59181
5342441611186597888,0.9127043,4745,55892,169,0.4688909,23.93835,21.84297,19.99544
5342433364849389568,0.8835841,4745,55892,139,0.6206917,22.44318,21.95698,20.24951
5390941343915372544,9.154845,4788,55889,482,0.2178457,20.78158,18.79589,17.49514
8388122918911668224,0,7450,56722,613,0,21.29849,18.89755,17.90456
8388103127702368256,0,7450,56722,541,0,24.63466,19.08052,17.82298
8388015166772146176,0,7450,56722,221,0,20.32551,17.81998,16.67666
8388081412347719680,0,7450,56722,462,0,20.99019,18.76223,17.88541
5342529572116819968,3.787205,4745,55892,489,0.05640206,22.87736,21.2028,20.97762
5342528472605192192,0.7975452,4745,55892,485,0.4843452,22.15998,21.52167,20.27305
5342527647971471360,2.950276,4745,55892,482,0.3108424,21.44049,19.65806,18.01554
5342528747483099136,1.759153,4745,55892,486,0.3515754,22.77363,20.84558,19.19658
5342527373093564416,0.2416205,4745,55892,481,0.5741817,24.89747,22.28417,20.98445
5342522425291239424,1.310255,4745,55892,463,0.4689024,21.6104,20.9168,19.38587
5342519401634263040,0.4901117,4745,55892,452,0.5753471,24.83244,22.90591,21.19756
5342522975047053312,1.156814,4745,55892,465,0.2408923,22.81513,21.06395,20.10991
5342512804564496384,1.5692,4745,55892,428,0.3955292,23.75713,21.12189,19.36634
5342514728709844992,1.246657,4745,55892,435,0.4094908,23.66126,21.92941,19.70324
5342492188721475584,4.288653,4745,55892,353,0.2840891,21.90937,19.72884,18.17887
5342499885302870016,0.7949555,4745,55892,381,0.59569,24.58844,22.24836,20.3941
5342504283349381120,0.5027093,4745,55892,397,0.6834165,25.46763,22.1488,20.87292
5342488890186592256,0.9167948,4745,55892,341,0.3922544,25.2566,21.50821,19.80771
5342500435058683904,0.5275345,4745,55892,383,0.5944514,23.94727,22.99072,21.07132
5342487240919150592,0.6653043,4745,55892,335,0.5426699,24.75171,22.9436,21.33149
5342490539454033920,0.6936039,4745,55892,347,0.5799118,25.68065,22.32995,20.73025
5342488340430778368,0.7581419,4745,55892,339,0.5829127,22.58164,22.44119,20.73201
5342489439942406144,0.5439621,4745,55892,343,0.6874821,23.17566,22.42771,21.09526
5342478994581942272,2.240752,4745,55892,305,0.3363763,22.9436,20.73885,19.01122
5342476795558686720,0.2552552,4745,55892,297,0.747275,24.69052,24.10764,21.76451
5342485591651708928,0.646987,4745,55892,329,0.7464205,22.69091,22.22346,21.24372
5342479544337756160,0.889265,4745,55892,307,0.5361823,23.12055,21.53513,20.33491
5342480643849383936,0.2508629,4745,55892,311,0.6899258,22.49904,22.18921,21.02822
5342466350198222848,0.6311067,4745,55892,259,0.4247112,24.64226,22.52182,20.73294
5342477345314500608,0.8105457,4745,55892,299,0.5358472,25.97281,21.77166,20.19631
5342463601419153408,1.057765,4745,55892,249,0.5232059,24.47677,22.31416,20.66446
5342460302884270080,1.265803,4745,55892,237,0.2874493,22.0966,20.95286,19.23361
5342455355081945088,0.4382822,4745,55892,219,0.5919995,22.83243,22.77649,20.73485
5342444359965667328,0.9396066,4745,55892,179,0.5351748,25.89144,22.22261,20.53471
5342429516558692352,0.3273717,4745,55892,125,0.6586555,26.39053,23.25038,20.32185
5342431715581947904,0.451417,4745,55892,133,0.5033292,24.32748,23.03459,21.3145
5342432815093575680,0.3220654,4745,55892,137,0.443449,24.19022,21.93225,20.37156
5342433089971482624,1.181375,4745,55892,138,0.6230803,23.86722,21.78559,20.657
5342432265337761792,0.7936342,4745,55892,135,0.5552146,23.12996,21.36989,19.70668
5342421819977297920,0.6121666,4745,55892,97,0.5599967,24.84022,22.64491,20.873
5342422919488925696,0.7401416,4745,55892,101,0.5058393,25.04925,22.33794,20.74438
5342421270221484032,0.346219,4745,55892,95,0.6206279,23.91248,22.37736,21.40034
5342420720465670144,0.9343479,4745,55892,93,0.5599208,23.5847,22.04767,20.54087
5390944367572348928,0.5104661,4788,55889,493,0.6397153,23.746,22.44582,21.00919
5342422369733111808,0.3073047,4745,55892,99,0.5586566,22.69526,22.72388,20.91879
5342422644611018752,5.69428,4745,55892,100,0.1965803,20.94792,18.90652,17.50425
5342409725349392384,1.321241,4745,55892,53,0.4396108,24.22894,21.73788,19.88369
5390943817816535040,0.4014544,4788,55889,491,0.5277737,24.12392,22.3536,20.489
5342411649494740992,1.398585,4745,55892,60,0.3594707,23.12974,20.94091,19.22187
8388162226452361216,0,7450,56722,756,0,19.78676,18.65655,17.35745
8388167174254686208,0,7450,56722,774,0,20.50029,18.25162,17.37605
8388093232097718272,0,7450,56722,505,0,21.751,19.14404,18.08067
8389219682045587456,0,7451,56739,507,0,20.68769,18.48454,17.53515
5342542216500539392,0.9663674,4745,55892,535,0.4827336,23.83564,21.6951,19.60293
5342544140645888000,22.99778,4745,55892,542,0.1707058,20.9389,18.77457,17.43261
5342555410640072704,21.51913,4745,55892,583,0.09494177,19.50771,17.58796,16.61911
5342525998704029696,1.847403,4745,55892,476,0.3604713,22.7928,20.75557,19.01149
5342515278465658880,0.8831964,4745,55892,437,0.6304538,22.45281,21.97335,20.71194
5342554860884258816,0.06225873,4745,55892,581,0.7984276,24.43408,23.70864,21.0381
5342570254047047680,1.031444,4745,55892,637,0.6196477,22.5026,21.40955,20.47625
5342570803802861568,1.165912,4745,55892,639,0.4611606,24.6853,22.0264,20.13856
8389219132289773568,0,7451,56739,505,0,20.05233,17.83533,16.9265
5342580699407511552,0.7216936,4745,55892,675,0.5238398,25.43502,21.65608,20.04431
5342577950628442112,0.8020367,4745,55892,665,0.3619702,24.927,22.06564,20.48137
5342502359204032512,3.87127,4745,55892,390,0.2883889,22.52064,20.14089,18.46104
5342590595012161536,31.10726,4745,55892,711,0.09377822,19.92264,17.74631,16.70068
5342493837988917248,2.046403,4745,55892,359,0.3481616,25.67798,21.4194,19.58323
5342592794035417088,0.486444,4745,55892,719,0.5520788,23.66973,22.66098,20.98346
5342482842872639488,1.268312,4745,55892,319,0.5269452,22.56805,21.56356,20.49013
5342482018238918656,29.14202,4745,55892,316,0.09392173,19.92524,17.8539,16.82732
5342592244279603200,0.6749936,4745,55892,717,0.420532,24.64297,22.23059,20.80668
5342597741837742080,0.3916179,4745,55892,737,0.5721453,23.04797,22.23522,20.63802
5342597192081928192,12.91181,4745,55892,735,0.1148384,19.11732,17.15754,16.09585
5342458928494735360,50.28099,4745,55892,232,0.09135894,19.23904,17.18665,16.14616
5342472122634268672,1.956662,4745,55892,280,0.3580035,25.05365,21.08142,19.27352
5342471572878454784,8.193512,4745,55892,278,0.2199566,21.71657,19.52036,18.07938
5342470198488920064,2.619978,4745,55892,273,0.3097145,21.68988,20.21447,18.71651
5342458378738921472,1.487591,4745,55892,230,0.3582348,24.27283,21.37912,19.50487
5342458653616828416,1.112807,4745,55892,231,0.5027157,23.25556,22.03057,20.20679
5342471847756361728,0.7760522,4745,55892,279,0.6084421,23.04177,22.66066,20.67128
5342460028006363136,2.353647,4745,55892,236,0.3579715,24.74995,20.66662,18.73265
5342460577762177024,1.083638,4745,55892,238,0.3573352,23.00018,21.49824,19.63893
5342459203372642304,0.463026,4745,55892,233,0.5997115,23.9522,22.80923,21.27999
5342612585244717056,1.739563,4745,55892,791,0.3594246,24.09659,21.59397,19.70017
5342449582645899264,1.613189,4745,55892,198,0.3584506,23.9887,21.19951,19.4505
5342449857523806208,0.9253982,4745,55892,199,0.5546581,23.45985,22.42767,20.7761
5342447108744736768,2.119975,4745,55892,189,0.3586745,22.28426,20.87662,18.97915
5342438312651714560,1.237274,4745,55892,157,0.4948965,22.9929,21.79017,20.24492
5342434464361017344,0.7571049,4745,55892,143,0.4362906,26.36368,21.9802,20.29192
5342426218023809024,0.9378293,4745,55892,113,0.5618377,23.87287,21.99796,20.32413
5342427867291250688,0.7982931,4745,55892,119,0.4853773,23.99772,22.43043,20.60656
5342425668267995136,0.6096649,4745,55892,111,0.5526176,22.52942,21.7007,20.48165
5342424568756367360,0.497342,4745,55892,107,0.6420196,23.06773,22.64463,20.85004
5342423469244739584,0.6228092,4745,55892,103,0.4890867,26.31959,21.95445,20.14242
5342425118512181248,1.512381,4745,55892,109,0.2490274,22.75243,21.43408,20.16441
5342414398273810432,9.952137,4745,55892,70,0.1943826,21.03933,18.86681,17.46083
5342413298762182656,1.22855,4745,55892,66,0.3673263,23.09808,21.42573,19.52383
5342415772663345152,0.9825549,4745,55892,75,0.6240922,23.2576,22.12709,20.94924
5342404227791253504,0.9774368,4745,55892,33,0.436925,23.03515,22.16334,20.33116
8388093781853532160,0,7450,56722,507,0,21.85599,19.63539,18.70781
5342538368209842176,0.9188319,4745,55892,521,0.679869,22.70482,21.55121,20.74192
5342540017477283840,1.89762,4745,55892,527,0.3968357,24.56577,21.16516,19.37502
5342539192843563008,1.241539,4745,55892,524,0.4120764,23.23318,21.4406,19.66958
5342540567233097728,1.466278,4745,55892,529,0.4131359,24.0521,21.24604,19.38834
5342544965279608832,1.498358,4745,55892,545,0.399152,26.31707,20.73668,18.99521
5342556235273793536,5.162314,4745,55892,586,0.2538328,24.76698,19.31532,17.81685
5342548538692399104,6.178922,4745,55892,558,0.2132272,21.7531,19.08281,17.65723
5342546614547050496,1.23648,4745,55892,551,0.481662,25.42532,21.601,20.10742
5342553486494724096,13.95675,4745,55892,576,0.01851731,20.75603,20.18144,19.92951
5342566680634257408,1.183758,4745,55892,624,0.3736411,24.29113,21.4316,19.50316
5342577400872628224,1.880533,4745,55892,663,0.638853,22.62662,21.66711,21.07388
5342577675750535168,5.598389,4745,55892,664,0.2816612,23.63696,19.89525,18.35439
5342578500384256000,0.6225641,4745,55892,667,0.5059312,26.16896,22.19771,20.65271
5342589495500533760,0.8925161,4745,55892,707,0.5157434,23.63178,21.96616,20.41606
5342587846233092096,0.8906965,4745,55892,701,0.5153835,24.98405,21.55586,19.51222
5342593893547044864,0.6498907,4745,55892,723,0.5275868,24.9538,22.48795,20.805
5342596092570300416,0.6418145,4745,55892,731,0.5123201,24.15151,22.74517,20.97463
5342595542814486528,0.3931723,4745,55892,729,0.5799296,25.21798,23.16744,21.68153
5342610386221461504,1.693887,4745,55892,783,0.4871896,23.15227,21.1388,19.55264
5342612310366810112,22.43564,4745,55892,790,0.09640553,19.476,17.466,16.45814
5342610661099368448,2.513234,4745,55892,784,0.3414991,22.84869,20.54213,18.85766
5342624679872622592,1.04702,4745,55892,835,0.351248,24.06002,22.03382,20.14047
5342631826698203136,0.8106182,4745,55892,861,0.5806599,25.45727,22.44818,20.31738
5342622755727273984,2.04009,4745,55892,828,0.3638888,24.63758,20.97194,19.15092
5342620831581925376,0.8815373,4745,55892,821,0.7884929,21.81608,21.46098,21.04194
5342622480849367040,0.6973066,4745,55892,827,0.5077665,22.00495,21.82896,19.84836
5342634575477272576,0.3829459,4745,55892,871,0.5670696,26.02564,22.19955,20.64744
5390948765618860032,0.4371105,4788,55889,509,0.5789624,25.77765,22.87597,21.21357
5342640073035411456,0.8888955,4745,55892,891,0.5062634,23.74395,22.14547,20.90896
5342634300599365632,43.78104,4745,55892,870,0.09695929,19.49722,17.53199,16.54039
5342635949866807296,1.333628,4745,55892,876,0.4112096,24.13688,21.43233,19.56074
5342635125233086464,1.198524,4745,55892,873,0.5873088,22.59802,21.35894,20.23731
